{
"uid": "3b83919",
"seed": 208141801,
"bounding_circle_parameters": [
    0,
    0,
    1.0
],
"bounding_circle_area": 3.141592653589793,
"number_of_circles": 50,
"radius_range": [
    0.05,
    0.15
],
"convex_hull_proportion": 0.873200000334922,
"density": 0.38728556181252505,
"circles": [
    [
	-0.3601242789503649,
	-0.6716284666923158,
	0.10973045909802184
    ],
    [
	0.5866386414659623,
	-0.5363485110188395,
	0.05605498695295609
    ],
    [
	-0.6653352855587997,
	0.4654730442966073,
	0.05685044937733005
    ],
    [
	0.461445465167309,
	-0.17612712040769019,
	0.09825338756410532
    ],
    [
	-0.00037922875380802523,
	-0.32379369506480726,
	0.07663087784879827
    ],
    [
	-0.26780027722669164,
	0.04813723623995414,
	0.13901446853352012
    ],
    [
	0.19253537708475266,
	0.09452397211519181,
	0.09846026165946901
    ],
    [
	-0.8454122325289459,
	0.3157463128136446,
	0.05105536922339522
    ],
    [
	0.08660927331038626,
	0.7589149229713377,
	0.10346481639208285
    ],
    [
	-0.877441364424526,
	0.19729450233546397,
	0.054504067839409254
    ],
    [
	0.7671272956244313,
	-0.005199177619675366,
	0.05887582634080971
    ],
    [
	0.4709906018932599,
	0.0798875061043065,
	0.08385218394027434
    ],
    [
	0.3277905880508265,
	0.46166490852519537,
	0.14624462739892252
    ],
    [
	-0.4403949491031378,
	0.36733975794187446,
	0.11194709325224259
    ],
    [
	0.6560683793257358,
	0.44353136717085717,
	0.05476533145789363
    ],
    [
	-0.40302308762922623,
	0.6417664831708718,
	0.1356197240903828
    ],
    [
	0.8267660399648074,
	-0.22842769557872522,
	0.08041265659310662
    ],
    [
	-0.879617605607272,
	-0.14219138770026363,
	0.09552356944757566
    ],
    [
	-0.599022020523776,
	-0.3212927794385667,
	0.14626500025036981
    ],
    [
	0.1615291931143663,
	-0.14502372714419454,
	0.054722994523813455
    ],
    [
	0.8290701035442571,
	0.2288788714738781,
	0.12824499710106768
    ],
    [
	-0.6960809608412211,
	0.029973435279955885,
	0.1347936694531952
    ],
    [
	0.6127122683897841,
	-0.3547004544111747,
	0.06158243201465652
    ],
    [
	-0.13306911075698924,
	-0.5354949295743892,
	0.07774399342709766
    ],
    [
	0.2575315791317021,
	-0.8067267389964536,
	0.1087547953997253
    ],
    [
	-0.09930502928056217,
	0.384788248786321,
	0.08143116698548683
    ],
    [
	0.06742244555260624,
	-0.5312848786612836,
	0.09978063715781303
    ],
    [
	-0.629579768338622,
	-0.5722491332746635,
	0.085101533658353
    ],
    [
	-0.09479544659498607,
	-0.860573181246584,
	0.11615325307299218
    ],
    [
	0.48167089935022167,
	-0.6645462851777346,
	0.09854365233265969
    ],
    [
	0.37015693240668046,
	0.7679527995925706,
	0.08379233042840277
    ],
    [
	0.3331936497742627,
	-0.46251069036007664,
	0.0866615480404762
    ],
    [
	-0.40690096951202515,
	-0.17002690943749177,
	0.08879835684317224
    ],
    [
	0.004419961798988847,
	0.5626510909887821,
	0.10824442412484073
    ],
    [
	0.5521716826509375,
	0.5818354449566567,
	0.08219194810036892
    ],
    [
	0.7308611083405232,
	-0.48406739744685345,
	0.07304021152638328
    ],
    [
	0.2403639954602259,
	-0.2928254735074254,
	0.05094202241866822
    ],
    [
	0.6253232489638796,
	-0.17384298731354675,
	0.054283193636072646
    ],
    [
	-0.15411224295439085,
	-0.20212259570743019,
	0.07314983515713348
    ],
    [
	0.2683794090665139,
	0.8923745339348177,
	0.05907770166239741
    ],
    [
	-0.588957508538924,
	-0.7129452351007186,
	0.060555077955189635
    ],
    [
	-0.11549987414688734,
	0.7903157531895659,
	0.06630705205305562
    ],
    [
	0.08726297532525296,
	0.24862135292378928,
	0.06632860508868912
    ],
    [
	0.2496023502924829,
	-0.6190016998331895,
	0.07209845447534709
    ],
    [
	-0.2677689668606533,
	-0.3175183165555837,
	0.06274821768116434
    ],
    [
	-0.8192574405095778,
	-0.3312270605227594,
	0.06418757145845323
    ],
    [
	0.018920410027172263,
	0.06984815135706657,
	0.05380993498519426
    ],
    [
	-0.6258619912805352,
	0.6007505233489063,
	0.06571233837978671
    ],
    [
	0.43459790917166385,
	-0.3379542085725946,
	0.052673010705808425
    ],
    [
	0.22290457946255282,
	0.6832003521386234,
	0.05127679684177643
    ]
]
}
